INSERT INTO equipements_sportifs (id, uai, nom, type_equipement, proprietaire, siret, longueur, largeur, surface, type_sol, nature_equipement, adresse, commune, latitude, longitude, mail, telephone, site_web, accessibilite, observations) VALUES
('EQ0001','UAI001','Stade des Lumières','Terrain de football','Ville de Lyon','85296374100011',105,68,7140,'Gazon naturel','Extérieur','14 Rue des Violettes','Lyon',45.7634,4.8345,'contact1@sport.fr','0145623789','https://sport1.fr','PMR complet','RAS'),
('EQ0002','UAI002','Gymnase du Parc','Gymnase','Ville de Marseille','85296374100012',42,30,1260,'Parquet','Intérieur','22 Avenue du Parc','Marseille',43.2975,5.3651,'contact2@sport.fr','0145623790','https://sport2.fr','PMR partiel','RAS'),
('EQ0003','UAI003','Piscine Atlantide','Piscine','Commune de Nice','85296374100013',25,15,375,'Carrelage','Intérieur','9 Rue des Flots','Nice',43.7091,7.2623,'contact3@sport.fr','0145623791','https://sport3.fr','PMR complet','Température 27°'),
('EQ0004','UAI004','Stade Saint-Pierre','Terrain de rugby','Commune de Toulouse','85296374100014',120,70,8400,'Gazon naturel','Extérieur','51 Allée Saint-Pierre','Toulouse',43.6051,1.4425,'contact4@sport.fr','0145623792','https://sport4.fr','PMR complet','RAS'),
('EQ0005','UAI005','Dojo Sakura','Dojo','Ville de Nantes','85296374100015',18,18,324,'Tatami','Intérieur','3 Rue du Japon','Nantes',47.2178,-1.5542,'contact5@sport.fr','0145623793','https://sport5.fr','PMR partiel','RAS'),
('EQ0006','UAI006','Salle Polytech','Salle multisports','Ville de Rennes','85296374100016',40,28,1120,'PVC','Intérieur','10 Rue du Stade','Rennes',48.1158,-1.6771,'contact6@sport.fr','0145623794','https://sport6.fr','PMR complet','RAS'),
('EQ0007','UAI007','Stade de l’Estuaire','Terrain de football','Commune du Havre','85296374100017',105,67,7035,'Gazon naturel','Extérieur','18 Quai Estuaire','Le Havre',49.4931,0.1098,'contact7@sport.fr','0145623795','https://sport7.fr','PMR partiel','RAS'),
('EQ0008','UAI008','Gymnase Jean-Moulin','Gymnase','Ville de Dijon','85296374100018',44,32,1408,'Synthétique','Intérieur','2 Boulevard des Capucins','Dijon',47.3218,5.0408,'contact8@sport.fr','0145623796','https://sport8.fr','PMR complet','RAS'),
('EQ0009','UAI009','Centre Aquatique Nord','Piscine','Ville de Lille','85296374100019',50,20,1000,'Carrelage','Intérieur','15 Rue de la Piscine','Lille',50.6288,3.0567,'contact9@sport.fr','0145623797','https://sport9.fr','PMR complet','RAS'),
('EQ0010','UAI010','Skatepark Horizon','Skatepark','Ville de Bordeaux','85296374100020',60,30,1800,'Béton','Extérieur','7 Rue des Skateurs','Bordeaux',44.8373,-0.5796,'contact10@sport.fr','0145623798','https://sport10.fr','PMR limité','RAS'),
('EQ0011','UAI011','Stade Atlantique','Terrain de football','Ville de Brest','85296374100021',100,64,6400,'Gazon naturel','Extérieur','19 Boulevard Atlantique','Brest',48.3894,-4.4872,'contact11@sport.fr','0145623799','https://sport11.fr','PMR complet','RAS'),
('EQ0012','UAI012','Gymnase du Centre','Gymnase','Ville de Tours','85296374100022',45,30,1350,'Parquet','Intérieur','24 Rue Centrale','Tours',47.3944,0.6895,'contact12@sport.fr','0145623800','https://sport12.fr','PMR complet','RAS'),
('EQ0013','UAI013','Piscine Ondine','Piscine','Ville de Strasbourg','85296374100023',33,15,495,'Carrelage','Intérieur','5 Allée des Ondes','Strasbourg',48.5839,7.7455,'contact13@sport.fr','0145623801','https://sport13.fr','PMR partiel','RAS'),
('EQ0014','UAI014','Stade du Haut-Bois','Terrain de rugby','Ville d’Angers','85296374100024',120,68,8160,'Gazon naturel','Extérieur','11 Rue Haute','Angers',47.4712,-0.5528,'contact14@sport.fr','0145623802','https://sport14.fr','PMR complet','RAS'),
('EQ0015','UAI015','Dojo du Levant','Dojo','Ville de Clermont-Ferrand','85296374100025',20,20,400,'Tatami','Intérieur','33 Rue du Levant','Clermont-Ferrand',45.7778,3.0870,'contact15@sport.fr','0145623803','https://sport15.fr','PMR complet','RAS'),
('EQ0016','UAI016','Salle Horizon','Salle multisports','Ville de Limoges','85296374100026',38,26,988,'Synthétique','Intérieur','9 Rue de l’Aurore','Limoges',45.8350,1.2630,'contact16@sport.fr','0145623804','https://sport16.fr','PMR partiel','RAS'),
('EQ0017','UAI017','Stade Sud','Terrain de football','Ville de Perpignan','85296374100027',102,66,6732,'Gazon naturel','Extérieur','8 Chemin du Sud','Perpignan',42.6985,2.8954,'contact17@sport.fr','0145623805','https://sport17.fr','PMR complet','RAS'),
('EQ0018','UAI018','Gymnase des Arts','Gymnase','Ville d’Orléans','85296374100028',41,28,1148,'Parquet','Intérieur','77 Avenue des Arts','Orléans',47.9024,1.9090,'contact18@sport.fr','0145623806','https://sport18.fr','PMR complet','RAS'),
('EQ0019','UAI019','Piscine Neptune','Piscine','Ville de Reims','85296374100029',25,15,375,'Carrelage','Intérieur','12 Rue Neptune','Reims',49.2583,4.0317,'contact19@sport.fr','0145623807','https://sport19.fr','PMR complet','Température 28°'),
('EQ0020','UAI020','Skatepark Urbain','Skatepark','Ville de Rouen','85296374100030',55,28,1540,'Béton','Extérieur','4 Rue Haute','Rouen',49.4432,1.0999,'contact20@sport.fr','0145623808','https://sport20.fr','PMR limité','RAS'),
('EQ0021','UAI021','Stade Ouest','Terrain de rugby','Ville de Caen','85296374100031',118,70,8260,'Gazon naturel','Extérieur','13 Route Ouest','Caen',49.1829,-0.3707,'contact21@sport.fr','0145623809','https://sport21.fr','PMR complet','RAS'),
('EQ0022','UAI022','Gymnase du Soleil','Gymnase','Ville de Montpellier','85296374100032',43,31,1333,'Synthétique','Intérieur','31 Rue du Soleil','Montpellier',43.6111,3.8767,'contact22@sport.fr','0145623810','https://sport22.fr','PMR complet','RAS'),
('EQ0023','UAI023','Piscine Aquarelle','Piscine','Ville de Grenoble','85296374100033',50,20,1000,'Carrelage','Intérieur','22 Quai Aquarelle','Grenoble',45.1885,5.7245,'contact23@sport.fr','0145623811','https://sport23.fr','PMR complèt','RAS'),
('EQ0024','UAI024','Stade des Deux-Rives','Terrain de football','Ville de Metz','85296374100034',103,67,6901,'Gazon naturel','Extérieur','62 Route des Rives','Metz',49.1193,6.1757,'contact24@sport.fr','0145623812','https://sport24.fr','PMR partiel','RAS'),
('EQ0025','UAI025','Dojo Central','Dojo','Ville de Pau','85296374100035',19,19,361,'Tatami','Intérieur','12 Rue Centrale','Pau',43.2951,-0.3708,'contact25@sport.fr','0145623813','https://sport25.fr','PMR complet','RAS'),
('EQ0026','UAI026','Salle du Coteau','Salle multisports','Ville de Besançon','85296374100036',36,26,936,'PVC','Intérieur','8 Rue du Coteau','Besançon',47.2380,6.0243,'contact26@sport.fr','0145623814','https://sport26.fr','PMR complet','RAS'),
('EQ0027','UAI027','Stade Valrose','Terrain de football','Ville de Nice','85296374100037',105,65,6825,'Gazon naturel','Extérieur','41 Avenue Valrose','Nice',43.7163,7.2628,'contact27@sport.fr','0145623815','https://sport27.fr','PMR partiel','RAS'),
('EQ0028','UAI028','Gymnase Beaulieu','Gymnase','Ville de La Rochelle','85296374100038',44,29,1276,'Parquet','Intérieur','12 Rue Beaulieu','La Rochelle',46.1591,-1.1520,'contact28@sport.fr','0145623816','https://sport28.fr','PMR complet','RAS'),
('EQ0029','UAI029','Piscine des Docks','Piscine','Ville du Havre','85296374100039',50,21,1050,'Carrelage','Intérieur','25 Quai des Docks','Le Havre',49.4935,0.1112,'contact29@sport.fr','0145623817','https://sport29.fr','PMR complet','Eau à 27°'),
('EQ0030','UAI030','Skatepark Horizon Est','Skatepark','Ville de Montpellier','85296374100040',62,30,1860,'Béton','Extérieur','19 Rue des Horizons','Montpellier',43.6087,3.8779,'contact30@sport.fr','0145623818','https://sport30.fr','PMR limité','RAS'),
('EQ0031','UAI031','Stade du Lac','Terrain de rugby','Ville d’Annecy','85296374100041',118,70,8260,'Gazon naturel','Extérieur','77 Boulevard du Lac','Annecy',45.8990,6.1296,'contact31@sport.fr','0145623819','https://sport31.fr','PMR complet','RAS'),
('EQ0032','UAI032','Gymnase de la Forêt','Gymnase','Ville de Saint-Étienne','85296374100042',41,30,1230,'Synthétique','Intérieur','5 Allée de la Forêt','Saint-Étienne',45.4397,4.3872,'contact32@sport.fr','0145623820','https://sport32.fr','PMR complet','RAS'),
('EQ0033','UAI033','Piscine Clairfontaine','Piscine','Ville de Limoges','85296374100043',33,15,495,'Carrelage','Intérieur','2 Rue Clairfontaine','Limoges',45.8321,1.2623,'contact33@sport.fr','0145623821','https://sport33.fr','PMR partiel','Eau à 28°'),
('EQ0034','UAI034','Stade de la Prairie','Terrain de football','Ville d’Amiens','85296374100044',104,67,6968,'Gazon naturel','Extérieur','11 Rue de la Prairie','Amiens',49.8942,2.2957,'contact34@sport.fr','0145623822','https://sport34.fr','PMR complet','RAS'),
('EQ0035','UAI035','Dojo Mont-Blanc','Dojo','Ville de Chambéry','85296374100045',20,20,400,'Tatami','Intérieur','9 Rue du Mont-Blanc','Chambéry',45.5646,5.9178,'contact35@sport.fr','0145623823','https://sport35.fr','PMR complet','RAS'),
('EQ0036','UAI036','Salle Olympique','Salle multisports','Ville de Lyon','85296374100046',42,27,1134,'PVC','Intérieur','77 Rue Olympique','Lyon',45.7603,4.8278,'contact36@sport.fr','0145623824','https://sport36.fr','PMR partiel','RAS'),
('EQ0037','UAI037','Stade Maritime','Terrain de football','Ville de Dunkerque','85296374100047',103,64,6592,'Gazon naturel','Extérieur','3 Quai Maritime','Dunkerque',51.0344,2.3768,'contact37@sport.fr','0145623825','https://sport37.fr','PMR complet','RAS'),
('EQ0038','UAI038','Gymnase de la Source','Gymnase','Ville d’Orléans','85296374100048',43,31,1333,'Parquet','Intérieur','45 Avenue de la Source','Orléans',47.8469,1.9323,'contact38@sport.fr','0145623826','https://sport38.fr','PMR complet','RAS'),
('EQ0039','UAI039','Piscine des Horizons','Piscine','Ville de Grenoble','85296374100049',50,20,1000,'Carrelage','Intérieur','14 Rue des Horizons','Grenoble',45.1887,5.7273,'contact39@sport.fr','0145623827','https://sport39.fr','PMR complet','RAS'),
('EQ0040','UAI040','Stade des Pépinières','Terrain de football','Ville de Nancy','85296374100050',105,65,6825,'Gazon naturel','Extérieur','20 Boulevard des Pépinières','Nancy',48.6922,6.1844,'contact40@sport.fr','0145623828','https://sport40.fr','PMR partiel','RAS'),
('EQ0041','UAI041','Dojo du Soleil','Dojo','Ville de Toulon','85296374100051',19,19,361,'Tatami','Intérieur','8 Rue du Soleil','Toulon',43.1242,5.9280,'contact41@sport.fr','0145623829','https://sport41.fr','PMR complet','RAS'),
('EQ0042','UAI042','Salle du Panorama','Salle multisports','Ville de Bayonne','85296374100052',37,26,962,'PVC','Intérieur','12 Rue du Panorama','Bayonne',43.4936,-1.4748,'contact42@sport.fr','0145623830','https://sport42.fr','PMR complet','RAS'),
('EQ0043','UAI043','Stade de la Colline','Terrain de rugby','Ville de Tarbes','85296374100053',118,70,8260,'Gazon naturel','Extérieur','41 Route de la Colline','Tarbes',43.2324,0.0729,'contact43@sport.fr','0145623831','https://sport43.fr','PMR partiel','RAS'),
('EQ0044','UAI044','Gymnase du Levant','Gymnase','Ville d’Avignon','85296374100054',43,30,1290,'Parquet','Intérieur','6 Rue du Levant','Avignon',43.9493,4.8055,'contact44@sport.fr','0145623832','https://sport44.fr','PMR complet','RAS'),
('EQ0045','UAI045','Piscine Estivale','Piscine','Ville de Nîmes','85296374100055',25,12,300,'Carrelage','Intérieur','18 Allée Estivale','Nîmes',43.8374,4.3601,'contact45@sport.fr','0145623833','https://sport45.fr','PMR partiel','RAS'),
('EQ0046','UAI046','Stade des Ailes','Terrain de football','Ville de Poitiers','85296374100056',102,66,6732,'Gazon naturel','Extérieur','21 Rue des Ailes','Poitiers',46.5802,0.3404,'contact46@sport.fr','0145623834','https://sport46.fr','PMR complet','RAS'),
('EQ0047','UAI047','Gymnase des Alpilles','Gymnase','Ville d’Arles','85296374100057',41,30,1230,'Synthétique','Intérieur','11 Chemin des Alpilles','Arles',43.6766,4.6278,'contact47@sport.fr','0145623835','https://sport47.fr','PMR complet','RAS'),
('EQ0048','UAI048','Centre Aquatique BleuAzur','Piscine','Ville de Cannes','85296374100058',25,15,375,'Carrelage','Intérieur','4 Allée Bleue','Cannes',43.5520,7.0174,'contact48@sport.fr','0145623836','https://sport48.fr','PMR complet','Température 27°'),
('EQ0049','UAI049','Stade Montaigne','Terrain de rugby','Ville de Bordeaux','85296374100059',120,70,8400,'Gazon naturel','Extérieur','19 Avenue Montaigne','Bordeaux',44.8371,-0.5811,'contact49@sport.fr','0145623837','https://sport49.fr','PMR complet','RAS'),
('EQ0050','UAI050','Skatepark Urbain Sud','Skatepark','Ville de Toulouse','85296374100060',57,29,1653,'Béton','Extérieur','8 Rue Urbaine','Toulouse',43.6037,1.4421,'contact50@sport.fr','0145623838','https://sport50.fr','PMR limité','RAS'),
('EQ0051','UAI051','Stade de la Plaine','Terrain de football','Ville de Saint-Malo','85296374100061',101,64,6464,'Gazon naturel','Extérieur','13 Rue de la Plaine','Saint-Malo',48.6493,-2.0257,'contact51@sport.fr','0145623839','https://sport51.fr','PMR complet','RAS'),
('EQ0052','UAI052','Gymnase Riviera','Gymnase','Ville de Toulon','85296374100062',43,30,1290,'Parquet','Intérieur','4 Rue Riviera','Toulon',43.1251,5.9289,'contact52@sport.fr','0145623840','https://sport52.fr','PMR complet','RAS'),
('EQ0053','UAI053','Piscine ClairAzur','Piscine','Ville de Nice','85296374100063',33,15,495,'Carrelage','Intérieur','18 Avenue Azur','Nice',43.7154,7.2591,'contact53@sport.fr','0145623841','https://sport53.fr','PMR partiel','Eau 28°'),
('EQ0054','UAI054','Stade de la Forêt','Terrain de rugby','Ville de Limoges','85296374100064',118,70,8260,'Gazon naturel','Extérieur','32 Route Forestière','Limoges',45.8344,1.2469,'contact54@sport.fr','0145623842','https://sport54.fr','PMR complet','RAS'),
('EQ0055','UAI055','Dojo Hanami','Dojo','Ville de Reims','85296374100065',18,18,324,'Tatami','Intérieur','5 Rue Hanami','Reims',49.2578,4.0350,'contact55@sport.fr','0145623843','https://sport55.fr','PMR complet','RAS'),
('EQ0056','UAI056','Salle Omnisport Est','Salle multisports','Ville de Metz','85296374100066',40,28,1120,'PVC','Intérieur','44 Rue de l’Est','Metz',49.1190,6.1752,'contact56@sport.fr','0145623844','https://sport56.fr','PMR complet','RAS'),
('EQ0057','UAI057','Stade des Trois-Ponts','Terrain de football','Ville de Rouen','85296374100067',105,66,6930,'Gazon naturel','Extérieur','8 Boulevard des Ponts','Rouen',49.4438,1.1007,'contact57@sport.fr','0145623845','https://sport57.fr','PMR partiel','RAS'),
('EQ0058','UAI058','Gymnase Victor-Hugo','Gymnase','Ville de Besançon','85296374100068',42,30,1260,'Synthétique','Intérieur','21 Rue Victor-Hugo','Besançon',47.2378,6.0205,'contact58@sport.fr','0145623846','https://sport58.fr','PMR complet','RAS'),
('EQ0059','UAI059','Piscine du Bourg','Piscine','Ville de Dijon','85296374100069',25,15,375,'Carrelage','Intérieur','16 Rue du Bourg','Dijon',47.3228,5.0402,'contact59@sport.fr','0145623847','https://sport59.fr','PMR complet','RAS'),
('EQ0060','UAI060','Skatepark des Remparts','Skatepark','Ville de Carcassonne','85296374100070',60,30,1800,'Béton','Extérieur','9 Rue des Remparts','Carcassonne',43.2130,2.3508,'contact60@sport.fr','0145623848','https://sport60.fr','PMR limité','RAS'),
('EQ0061','UAI061','Stade du Bois','Terrain de rugby','Ville de Poitiers','85296374100071',117,70,8190,'Gazon naturel','Extérieur','12 Chemin du Bois','Poitiers',46.5808,0.3408,'contact61@sport.fr','0145623849','https://sport61.fr','PMR complet','RAS'),
('EQ0062','UAI062','Gymnase des Violettes','Gymnase','Ville de Mulhouse','85296374100072',44,30,1320,'Parquet','Intérieur','3 Rue des Violettes','Mulhouse',47.7500,7.3350,'contact62@sport.fr','0145623850','https://sport62.fr','PMR complet','RAS'),
('EQ0063','UAI063','Piscine Horizon Bleu','Piscine','Ville de Pau','85296374100073',33,16,528,'Carrelage','Intérieur','6 Allée Bleue','Pau',43.2940,-0.3688,'contact63@sport.fr','0145623851','https://sport63.fr','PMR partiel','RAS'),
('EQ0064','UAI064','Stade des Montagnes','Terrain de football','Ville de Gap','85296374100074',103,64,6592,'Gazon naturel','Extérieur','19 Chemin des Montagnes','Gap',44.5595,6.0781,'contact64@sport.fr','0145623852','https://sport64.fr','PMR complet','RAS'),
('EQ0065','UAI065','Dojo de l’Hermine','Dojo','Ville de Rennes','85296374100075',20,20,400,'Tatami','Intérieur','11 Rue de l’Hermine','Rennes',48.1139,-1.6782,'contact65@sport.fr','0145623853','https://sport65.fr','PMR complet','RAS'),
('EQ0066','UAI066','Salle Horizons Ouest','Salle multisports','Ville de Brest','85296374100076',39,27,1053,'PVC','Intérieur','5 Rue Ouest','Brest',48.3902,-4.4860,'contact66@sport.fr','0145623854','https://sport66.fr','PMR complet','RAS'),
('EQ0067','UAI067','Stade du Vent','Terrain de rugby','Ville de Nantes','85296374100077',120,70,8400,'Gazon naturel','Extérieur','4 Route du Vent','Nantes',47.2181,-1.5531,'contact67@sport.fr','0145623855','https://sport67.fr','PMR partiel','RAS'),
('EQ0068','UAI068','Gymnase du Ruisseau','Gymnase','Ville de Clermont-Ferrand','85296374100078',40,30,1200,'Synthétique','Intérieur','2 Rue du Ruisseau','Clermont-Ferrand',45.7782,3.0862,'contact68@sport.fr','0145623856','https://sport68.fr','PMR complet','RAS'),
('EQ0069','UAI069','Piscine du Parc Sud','Piscine','Ville de Montpellier','85296374100079',25,12,300,'Carrelage','Intérieur','17 Rue du Parc','Montpellier',43.6082,3.8783,'contact69@sport.fr','0145623857','https://sport69.fr','PMR complet','RAS'),
('EQ0070','UAI070','Skatepark du Soleil','Skatepark','Ville de Nice','85296374100080',57,28,1596,'Béton','Extérieur','41 Rue du Soleil','Nice',43.7105,7.2612,'contact70@sport.fr','0145623858','https://sport70.fr','PMR limité','RAS'),
('EQ0071','UAI071','Stade Central','Terrain de football','Ville de Paris','85296374100081',106,65,6890,'Gazon naturel','Extérieur','99 Rue Centrale','Paris',48.8566,2.3522,'contact71@sport.fr','0145623859','https://sport71.fr','PMR complet','RAS'),
('EQ0072','UAI072','Gymnase du Moulin','Gymnase','Ville de Lille','85296374100082',42,29,1218,'Parquet','Intérieur','55 Rue du Moulin','Lille',50.6290,3.0571,'contact72@sport.fr','0145623860','https://sport72.fr','PMR complet','RAS'),
('EQ0073','UAI073','Piscine du Canal','Piscine','Ville de Strasbourg','85296374100083',33,16,528,'Carrelage','Intérieur','18 Quai du Canal','Strasbourg',48.5845,7.7431,'contact73@sport.fr','0145623861','https://sport73.fr','PMR partiel','RAS'),
('EQ0074','UAI074','Stade des Lavandes','Terrain de rugby','Ville d’Avignon','85296374100084',120,70,8400,'Gazon naturel','Extérieur','3 Chemin des Lavandes','Avignon',43.9491,4.8052,'contact74@sport.fr','0145623862','https://sport74.fr','PMR complet','RAS'),
('EQ0075','UAI075','Dojo du Cerisier','Dojo','Ville de Tours','85296374100085',19,19,361,'Tatami','Intérieur','22 Rue du Cerisier','Tours',47.3940,0.6888,'contact75@sport.fr','0145623863','https://sport75.fr','PMR complet','RAS'),
('EQ0076','UAI076','Salle Polytech','Salle multisports','Ville de Grenoble','85296374100086',40,28,1120,'PVC','Intérieur','12 Rue Polytech','Grenoble',45.1870,5.7350,'contact76@sport.fr','0145623864','https://sport76.fr','PMR complet','RAS'),
('EQ0077','UAI077','Stade du Littoral','Terrain de football','Ville de Calais','85296374100087',104,64,6656,'Gazon naturel','Extérieur','33 Route du Littoral','Calais',50.9513,1.8587,'contact77@sport.fr','0145623865','https://sport77.fr','PMR partiel','RAS'),
('EQ0078','UAI078','Gymnase du Pommier','Gymnase','Ville de Chartres','85296374100088',42,31,1302,'Parquet','Intérieur','17 Rue du Pommier','Chartres',48.4468,1.4890,'contact78@sport.fr','0145623866','https://sport78.fr','PMR complet','RAS'),
('EQ0079','UAI079','Piscine Atlantica','Piscine','Ville de La Rochelle','85296374100089',25,12,300,'Carrelage','Intérieur','3 Avenue Atlantica','La Rochelle',46.1590,-1.1516,'contact79@sport.fr','0145623867','https://sport79.fr','PMR partiel','Eau 27°'),
('EQ0080','UAI080','Skatepark de la Jetée','Skatepark','Ville d’Arcachon','85296374100090',60,30,1800,'Béton','Extérieur','8 Boulevard de la Jetée','Arcachon',44.6610,-1.1703,'contact80@sport.fr','0145623868','https://sport80.fr','PMR limité','RAS'),
('EQ0081','UAI081','Stade du Cèdre','Terrain de rugby','Ville d’Agen','85296374100091',118,70,8260,'Gazon naturel','Extérieur','14 Rue du Cèdre','Agen',44.2049,0.6210,'contact81@sport.fr','0145623869','https://sport81.fr','PMR complet','RAS'),
('EQ0082','UAI082','Dojo Sakura','Dojo','Ville de Marseille','85296374100092',20,20,400,'Tatami','Intérieur','26 Rue Sakura','Marseille',43.2965,5.3698,'contact82@sport.fr','0145623870','https://sport82.fr','PMR complet','RAS'),
('EQ0083','UAI083','Salle Horizon Nord','Salle multisports','Ville de Caen','85296374100093',38,28,1064,'PVC','Intérieur','9 Rue Horizon Nord','Caen',49.1829,-0.3707,'contact83@sport.fr','0145623871','https://sport83.fr','PMR complet','RAS'),
('EQ0084','UAI084','Stade Raymond-Barre','Terrain de football','Ville de Lyon','85296374100094',105,65,6825,'Gazon naturel','Extérieur','5 Avenue Barre','Lyon',45.7598,4.8413,'contact84@sport.fr','0145623872','https://sport84.fr','PMR complet','RAS'),
('EQ0085','UAI085','Gymnase les Prés','Gymnase','Ville de Bourges','85296374100095',43,30,1290,'Synthétique','Intérieur','11 Rue des Prés','Bourges',47.0810,2.3988,'contact85@sport.fr','0145623873','https://sport85.fr','PMR complet','RAS'),
('EQ0086','UAI086','Piscine Aquarelle','Piscine','Ville de Limoges','85296374100096',33,16,528,'Carrelage','Intérieur','27 Rue Aquarelle','Limoges',45.8322,1.2608,'contact86@sport.fr','0145623874','https://sport86.fr','PMR partiel','RAS'),
('EQ0087','UAI087','Stade des Acacias','Terrain de rugby','Ville de Toulouse','85296374100097',119,71,8449,'Gazon naturel','Extérieur','19 Rue des Acacias','Toulouse',43.6044,1.4440,'contact87@sport.fr','0145623875','https://sport87.fr','PMR complet','RAS'),
('EQ0088','UAI088','Dojo du Dragon Bleu','Dojo','Ville de Perpignan','85296374100098',18,18,324,'Tatami','Intérieur','6 Impasse du Dragon','Perpignan',42.6986,2.8956,'contact88@sport.fr','0145623876','https://sport88.fr','PMR complet','RAS'),
('EQ0089','UAI089','Centre Sportif du Parc','Salle multisports','Ville de Narbonne','85296374100099',41,28,1148,'PVC','Intérieur','4 Avenue du Parc','Narbonne',43.1843,3.0031,'contact89@sport.fr','0145623877','https://sport89.fr','PMR partiel','RAS'),
('EQ0090','UAI090','Skatepark de la Côte','Skatepark','Ville de Biarritz','85296374100100',59,28,1652,'Béton','Extérieur','7 Avenue de la Côte','Biarritz',43.4802,-1.5615,'contact90@sport.fr','0145623878','https://sport90.fr','PMR limité','RAS'),
('EQ0091','UAI091','Stade du Chêne','Terrain de football','Ville de Nantes','85296374100101',103,64,6592,'Gazon naturel','Extérieur','14 Rue du Chêne','Nantes',47.2183,-1.5530,'contact91@sport.fr','0145623879','https://sport91.fr','PMR complet','RAS'),
('EQ0092','UAI092','Gymnase Sud','Gymnase','Ville de Montpellier','85296374100102',42,30,1260,'Parquet','Intérieur','22 Avenue Sud','Montpellier',43.6107,3.8765,'contact92@sport.fr','0145623880','https://sport92.fr','PMR complet','RAS'),
('EQ0093','UAI093','Piscine ClairSoleil','Piscine','Ville de Cannes','85296374100103',25,12,300,'Carrelage','Intérieur','9 Avenue Soleil','Cannes',43.5528,7.0173,'contact93@sport.fr','0145623881','https://sport93.fr','PMR partiel','Eau chauffée 28°'),
('EQ0094','UAI094','Stade des Rivières','Terrain de rugby','Ville de Valence','85296374100104',120,70,8400,'Gazon naturel','Extérieur','3 Chemin des Rivières','Valence',44.9334,4.8924,'contact94@sport.fr','0145623882','https://sport94.fr','PMR complet','RAS'),
('EQ0095','UAI095','Dojo du Grand Chêne','Dojo','Ville de Saint-Étienne','85296374100105',19,19,361,'Tatami','Intérieur','8 Rue du Grand Chêne','Saint-Étienne',45.4392,4.3879,'contact95@sport.fr','0145623883','https://sport95.fr','PMR complet','RAS'),
('EQ0096','UAI096','Salle Horizon Est','Salle multisports','Ville de Colmar','85296374100106',39,28,1092,'PVC','Intérieur','17 Rue Horizon Est','Colmar',48.0794,7.3585,'contact96@sport.fr','0145623884','https://sport96.fr','PMR complet','RAS'),
('EQ0097','UAI097','Skatepark du Léman','Skatepark','Ville de Thonon-les-Bains','85296374100107',58,28,1624,'Béton','Extérieur','22 Avenue du Léman','Thonon-les-Bains',46.3723,6.4777,'contact97@sport.fr','0145623885','https://sport97.fr','PMR limité','RAS'),
('EQ0098','UAI098','Piscine Aqualis','Piscine','Ville de Angers','85296374100108',33,16,528,'Carrelage','Intérieur','14 Rue Aqualis','Angers',47.4719,-0.5536,'contact98@sport.fr','0145623886','https://sport98.fr','PMR partiel','RAS'),
('EQ0099','UAI099','Gymnase des Trois-Chênes','Gymnase','Ville de Laval','85296374100109',44,30,1320,'Synthétique','Intérieur','7 Allée des Chênes','Laval',48.0681,-0.7737,'contact99@sport.fr','0145623887','https://sport99.fr','PMR complet','RAS'),
('EQ0100','UAI0100','Stade du Centre-Ville','Terrain de football','Ville de Orléans','85296374100110',105,65,6825,'Gazon naturel','Extérieur','5 Rue Centrale','Orléans',47.9025,1.9090,'contact100@sport.fr','0145623888','https://sport100.fr','PMR complet','RAS');